{
"lengthUnit": "mil",
"remark": ["fly_line"],
"components": {
	"fields": ["COMPONENT_NO", "COMPONENT_NAME", "LAYER", "X_COORDINATE", "Y_COORDINATE", "ANGLE"],
	"rows": [
		[1, "B-", "B", 453.145, 147.175, 180],
		[2, "B+", "B", 359.9455, 328.545, 180],
		[3, "C1", "B", -120, -688, 270],
		[4, "C2", "B", 239, -653, 270],
		[5, "C3", "B", -708, 132, 270],
		[6, "C4", "B", -724, 0, 270],
		[7, "C5", "B", -708, -134, 270],
		[8, "GND", "B", -149.3051, 444.5935, 180],
		[9, "LED1", "T", 0, 642, 270],
		[10, "LED2", "T", 68, 639, 264],
		[11, "LED3", "T", 134, 628, 258],
		[12, "LED4", "T", 200, 610, 252],
		[13, "LED5", "T", 264, 585, 246],
		[14, "LED6", "T", 324, 555, 240],
		[15, "LED7", "T", 380, 518, 234],
		[16, "LED8", "T", 432, 476, 228],
		[17, "LED9", "T", 480, 428, 222],
		[18, "LED10", "T", 522, 376, 216],
		[19, "LED11", "T", 558, 320, 210],
		[20, "LED12", "T", 588, 260, 204],
		[21, "LED13", "T", 612, 196, 198],
		[22, "LED14", "T", 630, 130, 192],
		[23, "LED15", "T", 640, 64, 186],
		[24, "LED16", "T", 643, 0, 180],
		[25, "LED17", "T", 640, -66, 174],
		[26, "LED18", "T", 630, -132, 168],
		[27, "LED19", "T", 613, -196, 162],
		[28, "LED20", "T", 589, -258, 156],
		[29, "LED21", "T", 560, -316, 150],
		[30, "LED22", "T", 524, -372, 144],
		[31, "LED23", "T", 483, -424, 138],
		[32, "LED24", "T", 436, -472, 132],
		[33, "LED25", "T", 384, -516, 126],
		[34, "LED26", "T", 327, -554, 120],
		[35, "LED27", "T", 266, -586, 114],
		[36, "LED28", "T", 202, -611, 108],
		[37, "LED29", "T", 136, -629, 102],
		[38, "LED30", "T", 68, -639, 96],
		[39, "LED31", "T", 0, -643, 90],
		[40, "LED32", "T", -68, -640, 84],
		[41, "LED33", "T", -135, -629, 78],
		[42, "LED34", "T", -201, -611, 72],
		[43, "LED35", "T", -265, -586, 66],
		[44, "LED36", "T", -327, -554, 60],
		[45, "LED37", "T", -384, -516, 54],
		[46, "LED38", "T", -437, -472, 48],
		[47, "LED39", "T", -485, -423, 42],
		[48, "LED40", "T", -526, -370, 36],
		[49, "LED41", "T", -562, -313, 30],
		[50, "LED42", "T", -591, -254, 24],
		[51, "LED43", "T", -613, -193, 18],
		[52, "LED44", "T", -630, -130, 12],
		[53, "LED45", "T", -640, -65, 6],
		[54, "LED46", "T", -643, 0, 0],
		[55, "LED47", "T", -640, 68, 354],
		[56, "LED48", "T", -629, 135, 348],
		[57, "LED49", "T", -611, 200, 342],
		[58, "LED50", "T", -587, 263, 336],
		[59, "LED51", "T", -556, 323, 330],
		[60, "LED52", "T", -521, 378, 324],
		[61, "LED53", "T", -479, 430, 318],
		[62, "LED54", "T", -432, 477, 312],
		[63, "LED55", "T", -380, 519, 306],
		[64, "LED56", "T", -323, 556, 300],
		[65, "LED57", "T", -263, 587, 294],
		[66, "LED58", "T", -200, 611, 288],
		[67, "LED59", "T", -134, 629, 282],
		[68, "LED60", "T", -67, 640, 276],
		[69, "LED61", "T", 0, 444, 270],
		[70, "LED62", "T", 221, 385, 240],
		[71, "LED63", "T", 384, 223, 210],
		[72, "LED64", "T", 444, 0, 180],
		[73, "LED65", "T", 385, -222, 150],
		[74, "LED66", "T", 222, -385, 120],
		[75, "LED67", "T", 0, -444, 90],
		[76, "LED68", "T", -223, -384, 60],
		[77, "LED69", "T", -385, -221, 30],
		[78, "LED70", "T", -444, 0, 0],
		[79, "LED71", "T", -384, 223, 330],
		[80, "LED72", "T", -221, 385, 300],
		[81, "MISO", "B", 250.8425, 444.5935, 180],
		[82, "MOSI", "B", 150.8056, 444.5935, 180],
		[83, "R1", "T", -266.9966, 71.6144, 90],
		[84, "R2", "T", -266.9966, -72.0866, 270],
		[85, "R3", "T", -73, 266, 0],
		[86, "R4", "T", -73, -266, 0],
		[87, "R5", "T", 73, -266, 180],
		[88, "R6", "B", 350, -623, 180],
		[89, "R7", "T", 265, -72, 90],
		[90, "R8", "T", 265, 74, 90],
		[91, "R9", "T", 71, 266, 180],
		[92, "R10", "B", -235, -683, 180],
		[93, "R11", "B", -322, -610, 0],
		[94, "R12", "B", -644, -279, 270],
		[95, "RST", "B", -49.2682, 444.5935, 180],
		[96, "SCK", "B", 50.7687, 444.5935, 180],
		[97, "SW1", "B", 542, 0, 90],
		[98, "U1", "T", 0, 0, 0],
		[99, "U2", "B", -445, -402, 0],
		[100, "VCC", "B", -249.342, 444.5935, 180],
		[101, "X1", "B", 57, -669, 0],
		[102, "PAD1", "B", 359.9455, 328.545, 0],
		[103, "PAD2", "B", 453.145, 147.175, 0],
		[104, "PAD3", "B", -120, -660.44, 0],
		[105, "PAD4", "B", -120, -715.56, 0],
		[106, "PAD5", "B", 239, -625.44, 0],
		[107, "PAD6", "B", 239, -680.56, 0],
		[108, "PAD7", "B", -708, 159.56, 0],
		[109, "PAD8", "B", -708, 104.44, 0],
		[110, "PAD9", "B", -724, 27.56, 0],
		[111, "PAD10", "B", -724, -27.56, 0],
		[112, "PAD11", "B", -708, -106.44, 0],
		[113, "PAD12", "B", -708, -161.56, 0],
		[114, "PAD13", "B", -149.3051, 444.5935, 0],
		[115, "PAD14", "T", -0.133, 673.483, 0],
		[116, "PAD15", "T", 0.137, 610.523, 0],
		[117, "PAD16", "T", 71.1586, 670.3244, 0],
		[118, "PAD17", "T", 64.846, 607.6811, 0],
		[119, "PAD18", "T", 140.4156, 658.8227, 0],
		[120, "PAD19", "T", 127.5896, 597.1824, 0],
		[121, "PAD20", "T", 209.6023, 639.9832, 0],
		[122, "PAD21", "T", 190.4034, 580.0212, 0],
		[123, "PAD22", "T", 276.6838, 613.8152, 0],
		[124, "PAD23", "T", 251.3223, 556.1886, 0],
		[125, "PAD24", "T", 339.6263, 582.3316, 0],
		[126, "PAD25", "T", 308.3801, 527.6716, 0],
		[127, "PAD26", "T", 398.3976, 543.5484, 0],
		[128, "PAD27", "T", 361.6091, 492.454, 0],
		[129, "PAD28", "T", 452.9674, 499.4854, 0],
		[130, "PAD29", "T", 411.0396, 452.5163, 0],
		[131, "PAD30", "T", 503.3074, 449.1651, 0],
		[132, "PAD31", "T", 456.6997, 406.836, 0],
		[133, "PAD32", "T", 547.3921, 394.6128, 0],
		[134, "PAD33", "T", 496.6151, 357.3874, 0],
		[135, "PAD34", "T", 585.1986, 335.8567, 0],
		[136, "PAD35", "T", 530.8086, 304.1428, 0],
		[137, "PAD36", "T", 616.7071, 272.9268, 0],
		[138, "PAD37", "T", 559.3, 247.072, 0],
		[139, "PAD38", "T", 641.901, 205.8553, 0],
		[140, "PAD39", "T", 582.1059, 186.1428, 0],
		[141, "PAD40", "T", 660.7674, 136.6758, 0],
		[142, "PAD41", "T", 599.2393, 123.3215, 0],
		[143, "PAD42", "T", 671.2966, 67.4231, 0],
		[144, "PAD43", "T", 608.7097, 60.5735, 0],
		[145, "PAD44", "T", 674.483, 0.133, 0],
		[146, "PAD45", "T", 611.523, -0.137, 0],
		[147, "PAD46", "T", 671.3244, -69.1586, 0],
		[148, "PAD47", "T", 608.6811, -62.846, 0],
		[149, "PAD48", "T", 660.8227, -138.4156, 0],
		[150, "PAD49", "T", 599.1824, -125.5896, 0],
		[151, "PAD50", "T", 642.9832, -205.6023, 0],
		[152, "PAD51", "T", 583.0212, -186.4034, 0],
		[153, "PAD52", "T", 617.8152, -270.6838, 0],
		[154, "PAD53", "T", 560.1886, -245.3223, 0],
		[155, "PAD54", "T", 587.3316, -331.6263, 0],
		[156, "PAD55", "T", 532.6716, -300.3801, 0],
		[157, "PAD56", "T", 549.5484, -390.3976, 0],
		[158, "PAD57", "T", 498.454, -353.6091, 0],
		[159, "PAD58", "T", 506.4854, -444.9674, 0],
		[160, "PAD59", "T", 459.5163, -403.0396, 0],
		[161, "PAD60", "T", 457.1651, -495.3074, 0],
		[162, "PAD61", "T", 414.836, -448.6997, 0],
		[163, "PAD62", "T", 402.6128, -541.3921, 0],
		[164, "PAD63", "T", 365.3874, -490.6151, 0],
		[165, "PAD64", "T", 342.8567, -581.1986, 0],
		[166, "PAD65", "T", 311.1428, -526.8086, 0],
		[167, "PAD66", "T", 278.9268, -614.7071, 0],
		[168, "PAD67", "T", 253.072, -557.3, 0],
		[169, "PAD68", "T", 211.8553, -640.901, 0],
		[170, "PAD69", "T", 192.1428, -581.1059, 0],
		[171, "PAD70", "T", 142.6758, -659.7674, 0],
		[172, "PAD71", "T", 129.3215, -598.2393, 0],
		[173, "PAD72", "T", 71.4231, -670.2966, 0],
		[174, "PAD73", "T", 64.5735, -607.7097, 0],
		[175, "PAD74", "T", 0.133, -674.483, 0],
		[176, "PAD75", "T", -0.137, -611.523, 0],
		[177, "PAD76", "T", -71.1586, -671.3244, 0],
		[178, "PAD77", "T", -64.846, -608.6811, 0],
		[179, "PAD78", "T", -141.4156, -659.8227, 0],
		[180, "PAD79", "T", -128.5896, -598.1824, 0],
		[181, "PAD80", "T", -210.6023, -640.9832, 0],
		[182, "PAD81", "T", -191.4034, -581.0212, 0],
		[183, "PAD82", "T", -277.6838, -614.8152, 0],
		[184, "PAD83", "T", -252.3223, -557.1886, 0],
		[185, "PAD84", "T", -342.6263, -581.3316, 0],
		[186, "PAD85", "T", -311.3801, -526.6716, 0],
		[187, "PAD86", "T", -402.3976, -541.5484, 0],
		[188, "PAD87", "T", -365.6091, -490.454, 0],
		[189, "PAD88", "T", -457.9674, -495.4854, 0],
		[190, "PAD89", "T", -416.0396, -448.5163, 0],
		[191, "PAD90", "T", -508.3074, -444.1651, 0],
		[192, "PAD91", "T", -461.6997, -401.836, 0],
		[193, "PAD92", "T", -551.3921, -388.6128, 0],
		[194, "PAD93", "T", -500.6151, -351.3874, 0],
		[195, "PAD94", "T", -589.1986, -328.8567, 0],
		[196, "PAD95", "T", -534.8086, -297.1428, 0],
		[197, "PAD96", "T", -619.7071, -266.9268, 0],
		[198, "PAD97", "T", -562.3, -241.072, 0],
		[199, "PAD98", "T", -642.901, -202.8553, 0],
		[200, "PAD99", "T", -583.1059, -183.1428, 0],
		[201, "PAD100", "T", -660.7674, -136.6758, 0],
		[202, "PAD101", "T", -599.2393, -123.3215, 0],
		[203, "PAD102", "T", -671.2966, -68.4231, 0],
		[204, "PAD103", "T", -608.7097, -61.5735, 0],
		[205, "PAD104", "T", -674.483, -0.133, 0],
		[206, "PAD105", "T", -611.523, 0.137, 0],
		[207, "PAD106", "T", -671.3244, 71.1586, 0],
		[208, "PAD107", "T", -608.6811, 64.846, 0],
		[209, "PAD108", "T", -659.8227, 141.4156, 0],
		[210, "PAD109", "T", -598.1824, 128.5896, 0],
		[211, "PAD110", "T", -640.9832, 209.6023, 0],
		[212, "PAD111", "T", -581.0212, 190.4034, 0],
		[213, "PAD112", "T", -615.8152, 275.6838, 0],
		[214, "PAD113", "T", -558.1886, 250.3223, 0],
		[215, "PAD114", "T", -583.3316, 338.6263, 0],
		[216, "PAD115", "T", -528.6716, 307.3801, 0],
		[217, "PAD116", "T", -546.5484, 396.3976, 0],
		[218, "PAD117", "T", -495.454, 359.6091, 0],
		[219, "PAD118", "T", -502.4854, 450.9674, 0],
		[220, "PAD119", "T", -455.5163, 409.0396, 0],
		[221, "PAD120", "T", -453.1651, 500.3074, 0],
		[222, "PAD121", "T", -410.836, 453.6997, 0],
		[223, "PAD122", "T", -398.6128, 544.3921, 0],
		[224, "PAD123", "T", -361.3874, 493.6151, 0],
		[225, "PAD124", "T", -338.8567, 583.1986, 0],
		[226, "PAD125", "T", -307.1428, 528.8086, 0],
		[227, "PAD126", "T", -275.9268, 615.7071, 0],
		[228, "PAD127", "T", -250.072, 558.3, 0],
		[229, "PAD128", "T", -209.8553, 640.901, 0],
		[230, "PAD129", "T", -190.1428, 581.1059, 0],
		[231, "PAD130", "T", -140.6758, 659.7674, 0],
		[232, "PAD131", "T", -127.3215, 598.2393, 0],
		[233, "PAD132", "T", -70.4231, 671.2966, 0],
		[234, "PAD133", "T", -63.5735, 608.7097, 0],
		[235, "PAD134", "B", 250.8425, 444.5935, 0],
		[236, "PAD135", "B", 150.8056, 444.5935, 0],
		[237, "PAD136", "B", -205.34, -683, 0],
		[238, "PAD137", "B", -264.66, -683, 0],
		[239, "PAD138", "B", -351.66, -610, 0],
		[240, "PAD139", "B", -292.34, -610, 0],
		[241, "PAD140", "B", -644, -249.34, 0],
		[242, "PAD141", "B", -644, -308.66, 0],
		[243, "PAD142", "B", -49.2682, 444.5935, 0],
		[244, "PAD143", "B", 50.7687, 444.5935, 0],
		[245, "PAD144", "B", 505.88, -65.94, 0],
		[246, "PAD145", "B", 505.88, 65.95, 0],
		[247, "PAD146", "T", -110.236, -172, 0],
		[248, "PAD147", "T", -78.74, -172, 0],
		[249, "PAD148", "T", -47.244, -172, 0],
		[250, "PAD149", "T", -15.748, -172, 0],
		[251, "PAD150", "T", 15.748, -172, 0],
		[252, "PAD151", "T", 47.244, -172, 0],
		[253, "PAD152", "T", 78.74, -172, 0],
		[254, "PAD153", "T", 110.236, -172, 0],
		[255, "PAD154", "T", 172.5, -110.236, 0],
		[256, "PAD155", "T", 172.5, -78.74, 0],
		[257, "PAD156", "T", 172.5, -47.244, 0],
		[258, "PAD157", "T", 172.5, -15.748, 0],
		[259, "PAD158", "T", 172.5, 15.748, 0],
		[260, "PAD159", "T", 172.5, 47.244, 0],
		[261, "PAD160", "T", 172.5, 78.74, 0],
		[262, "PAD161", "T", 172.5, 110.236, 0],
		[263, "PAD162", "T", 110.236, 172, 0],
		[264, "PAD163", "T", 78.74, 172, 0],
		[265, "PAD164", "T", -15.748, 172, 0],
		[266, "PAD165", "T", -78.74, 172, 0],
		[267, "PAD166", "T", -110.236, 172, 0],
		[268, "PAD167", "T", -172.5, 110.236, 0],
		[269, "PAD168", "T", -172.5, 78.74, 0],
		[270, "PAD169", "T", -172.5, 47.244, 0],
		[271, "PAD170", "T", -172.5, 15.748, 0],
		[272, "PAD171", "T", -172.5, -15.748, 0],
		[273, "PAD172", "T", -172.5, -47.244, 0],
		[274, "PAD173", "T", -172.5, -78.74, 0],
		[275, "PAD174", "T", -172.5, -110.236, 0],
		[276, "PAD175", "B", -470, -292.85, 0],
		[277, "PAD176", "B", -370, -511.15, 0],
		[278, "PAD177", "B", -420, -511.15, 0],
		[279, "PAD178", "B", -470, -511.15, 0],
		[280, "PAD179", "B", -520, -511.15, 0],
		[281, "PAD180", "B", -249.342, 444.5935, 0],
		[282, "PAD181", "B", -19.77, -669, 0],
		[283, "PAD182", "B", 133.77, -669, 0],
		[284, "PAD183", "T", -0.142, 475.478, 0],
		[285, "PAD184", "T", 0.138, 412.528, 0],
		[286, "PAD185", "T", 236.616, 412.3318, 0],
		[287, "PAD186", "T", 205.3835, 357.6755, 0],
		[288, "PAD187", "T", 411.1898, 238.862, 0],
		[289, "PAD188", "T", 356.8135, 207.1445, 0],
		[290, "PAD189", "T", 475.478, 0.142, 0],
		[291, "PAD190", "T", 412.528, -0.138, 0],
		[292, "PAD191", "T", 412.3318, -237.616, 0],
		[293, "PAD192", "T", 357.6755, -206.3835, 0],
		[294, "PAD193", "T", 237.862, -412.1898, 0],
		[295, "PAD194", "T", 206.1445, -357.8135, 0],
		[296, "PAD195", "T", 0.142, -475.478, 0],
		[297, "PAD196", "T", -0.138, -412.528, 0],
		[298, "PAD197", "T", -238.616, -411.3318, 0],
		[299, "PAD198", "T", -207.3835, -356.6755, 0],
		[300, "PAD199", "T", -412.1898, -236.862, 0],
		[301, "PAD200", "T", -357.8135, -205.1445, 0],
		[302, "PAD201", "T", -475.478, -0.142, 0],
		[303, "PAD202", "T", -412.528, 0.138, 0],
		[304, "PAD203", "T", -411.3318, 238.616, 0],
		[305, "PAD204", "T", -356.6755, 207.3835, 0],
		[306, "PAD205", "T", -236.862, 412.1898, 0],
		[307, "PAD206", "T", -205.1445, 357.8135, 0],
		[308, "PAD207", "T", -266.9966, 41.9544, 0],
		[309, "PAD208", "T", -266.9966, 101.2744, 0],
		[310, "PAD209", "T", -266.9966, -42.4266, 0],
		[311, "PAD210", "T", -266.9966, -101.7466, 0],
		[312, "PAD211", "T", -102.66, 266, 0],
		[313, "PAD212", "T", -43.34, 266, 0],
		[314, "PAD213", "T", -102.66, -266, 0],
		[315, "PAD214", "T", -43.34, -266, 0],
		[316, "PAD215", "T", 102.66, -266, 0],
		[317, "PAD216", "T", 43.34, -266, 0],
		[318, "PAD217", "B", 379.66, -623, 0],
		[319, "PAD218", "B", 320.34, -623, 0],
		[320, "PAD219", "T", 265, -101.66, 0],
		[321, "PAD220", "T", 265, -42.34, 0],
		[322, "PAD221", "T", 265, 44.34, 0],
		[323, "PAD222", "T", 265, 103.66, 0],
		[324, "PAD223", "T", 100.66, 266, 0],
		[325, "PAD224", "T", 41.34, 266, 0]
	]
},
"pins": {
	"fields": ["PIN_NO", "PIN_NAME", "PIN_X", "PIN_Y", "LAYER", "PIN_TYPE", "NET_NAME", "NET_TYPE", "PAD_SHAPE", "PAD_SIZEX", "PAD_SIZEY", "HOLE_SIZE", "HOLE_LEN", "PAD_ANGLE"],
	"rows": [
		[1, "B-_1", 453.145, 147.175, "B", "SMD", "GND", "GND", "R", 59.0551, 59.0551, 0, 0, 180],
		[2, "B+_1", 359.9455, 328.545, "B", "SMD", "+5V", "", "R", 59.0551, 59.0551, 0, 0, 180],
		[3, "C1_1", -120, -660.44, "B", "SMD", "GND", "GND", "R", 35.433, 31.496, 0, 0, 180],
		[4, "C1_2", -120, -715.56, "B", "SMD", "X1", "", "R", 35.433, 31.496, 0, 0, 180],
		[5, "C2_1", 239, -625.44, "B", "SMD", "GND", "GND", "R", 35.433, 31.496, 0, 0, 180],
		[6, "C2_2", 239, -680.56, "B", "SMD", "X2", "", "R", 35.433, 31.496, 0, 0, 180],
		[7, "C3_1", -708, 159.56, "B", "SMD", "GND", "GND", "R", 35.433, 31.496, 0, 0, 180],
		[8, "C3_2", -708, 104.44, "B", "SMD", "+5V", "", "R", 35.433, 31.496, 0, 0, 180],
		[9, "C4_1", -724, 27.56, "B", "SMD", "GND", "GND", "R", 35.433, 31.496, 0, 0, 180],
		[10, "C4_2", -724, -27.56, "B", "SMD", "+5V", "", "R", 35.433, 31.496, 0, 0, 180],
		[11, "C5_1", -708, -106.44, "B", "SMD", "GND", "GND", "R", 35.433, 31.496, 0, 0, 180],
		[12, "C5_2", -708, -161.56, "B", "SMD", "+5V", "", "R", 35.433, 31.496, 0, 0, 180],
		[13, "GND_1", -149.3051, 444.5935, "B", "SMD", "GND", "GND", "C", 59.0551, 59.0551, 0, 0, 180],
		[14, "LED1_1", -0.133, 673.483, "T", "SMD", "D9", "", "R", 31.496, 31.496, 0, 0, 0],
		[15, "LED1_2", 0.137, 610.523, "T", "SMD", "$1N4330", "", "R", 31.496, 31.496, 0, 0, 0],
		[16, "LED2_1", 71.1586, 670.3244, "T", "SMD", "D10", "", "R", 31.496, 31.496, 0, 0, 354],
		[17, "LED2_2", 64.846, 607.6811, "T", "SMD", "$1N4330", "", "R", 31.496, 31.496, 0, 0, 354],
		[18, "LED3_1", 140.4156, 658.8227, "T", "SMD", "D11", "", "R", 31.496, 31.496, 0, 0, 348],
		[19, "LED3_2", 127.5896, 597.1824, "T", "SMD", "$1N4330", "", "R", 31.496, 31.496, 0, 0, 348],
		[20, "LED4_1", 209.6023, 639.9832, "T", "SMD", "D12", "", "R", 31.496, 31.496, 0, 0, 342],
		[21, "LED4_2", 190.4034, 580.0212, "T", "SMD", "$1N4330", "", "R", 31.496, 31.496, 0, 0, 342],
		[22, "LED5_1", 276.6838, 613.8152, "T", "SMD", "D13", "", "R", 31.496, 31.496, 0, 0, 336],
		[23, "LED5_2", 251.3223, 556.1886, "T", "SMD", "$1N4330", "", "R", 31.496, 31.496, 0, 0, 336],
		[24, "LED6_1", 339.6263, 582.3316, "T", "SMD", "D14", "", "R", 31.496, 31.496, 0, 0, 330],
		[25, "LED6_2", 308.3801, 527.6716, "T", "SMD", "$1N4330", "", "R", 31.496, 31.496, 0, 0, 330],
		[26, "LED7_1", 398.3976, 543.5484, "T", "SMD", "D15", "", "R", 31.496, 31.496, 0, 0, 324],
		[27, "LED7_2", 361.6091, 492.454, "T", "SMD", "$1N4330", "", "R", 31.496, 31.496, 0, 0, 324],
		[28, "LED8_1", 452.9674, 499.4854, "T", "SMD", "D16", "", "R", 31.496, 31.496, 0, 0, 318],
		[29, "LED8_2", 411.0396, 452.5163, "T", "SMD", "$1N4330", "", "R", 31.496, 31.496, 0, 0, 318],
		[30, "LED9_1", 503.3074, 449.1651, "T", "SMD", "D9", "", "R", 31.496, 31.496, 0, 0, 312],
		[31, "LED9_2", 456.6997, 406.836, "T", "SMD", "$1N4461", "", "R", 31.496, 31.496, 0, 0, 312],
		[32, "LED10_1", 547.3921, 394.6128, "T", "SMD", "D10", "", "R", 31.496, 31.496, 0, 0, 306],
		[33, "LED10_2", 496.6151, 357.3874, "T", "SMD", "$1N4461", "", "R", 31.496, 31.496, 0, 0, 306],
		[34, "LED11_1", 585.1986, 335.8567, "T", "SMD", "D11", "", "R", 31.496, 31.496, 0, 0, 300],
		[35, "LED11_2", 530.8086, 304.1428, "T", "SMD", "$1N4461", "", "R", 31.496, 31.496, 0, 0, 300],
		[36, "LED12_1", 616.7071, 272.9268, "T", "SMD", "D12", "", "R", 31.496, 31.496, 0, 0, 294],
		[37, "LED12_2", 559.3, 247.072, "T", "SMD", "$1N4461", "", "R", 31.496, 31.496, 0, 0, 294],
		[38, "LED13_1", 641.901, 205.8553, "T", "SMD", "D13", "", "R", 31.496, 31.496, 0, 0, 288],
		[39, "LED13_2", 582.1059, 186.1428, "T", "SMD", "$1N4461", "", "R", 31.496, 31.496, 0, 0, 288],
		[40, "LED14_1", 660.7674, 136.6758, "T", "SMD", "D14", "", "R", 31.496, 31.496, 0, 0, 282],
		[41, "LED14_2", 599.2393, 123.3215, "T", "SMD", "$1N4461", "", "R", 31.496, 31.496, 0, 0, 282],
		[42, "LED15_1", 671.2966, 67.4231, "T", "SMD", "D15", "", "R", 31.496, 31.496, 0, 0, 276],
		[43, "LED15_2", 608.7097, 60.5735, "T", "SMD", "$1N4461", "", "R", 31.496, 31.496, 0, 0, 276],
		[44, "LED16_1", 674.483, 0.133, "T", "SMD", "D16", "", "R", 31.496, 31.496, 0, 0, 270],
		[45, "LED16_2", 611.523, -0.137, "T", "SMD", "$1N4461", "", "R", 31.496, 31.496, 0, 0, 270],
		[46, "LED17_1", 671.3244, -69.1586, "T", "SMD", "D9", "", "R", 31.496, 31.496, 0, 0, 264],
		[47, "LED17_2", 608.6811, -62.846, "T", "SMD", "$1N4578", "", "R", 31.496, 31.496, 0, 0, 264],
		[48, "LED18_1", 660.8227, -138.4156, "T", "SMD", "D10", "", "R", 31.496, 31.496, 0, 0, 258],
		[49, "LED18_2", 599.1824, -125.5896, "T", "SMD", "$1N4578", "", "R", 31.496, 31.496, 0, 0, 258],
		[50, "LED19_1", 642.9832, -205.6023, "T", "SMD", "D11", "", "R", 31.496, 31.496, 0, 0, 252],
		[51, "LED19_2", 583.0212, -186.4034, "T", "SMD", "$1N4578", "", "R", 31.496, 31.496, 0, 0, 252],
		[52, "LED20_1", 617.8152, -270.6838, "T", "SMD", "D12", "", "R", 31.496, 31.496, 0, 0, 246],
		[53, "LED20_2", 560.1886, -245.3223, "T", "SMD", "$1N4578", "", "R", 31.496, 31.496, 0, 0, 246],
		[54, "LED21_1", 587.3316, -331.6263, "T", "SMD", "D13", "", "R", 31.496, 31.496, 0, 0, 240],
		[55, "LED21_2", 532.6716, -300.3801, "T", "SMD", "$1N4578", "", "R", 31.496, 31.496, 0, 0, 240],
		[56, "LED22_1", 549.5484, -390.3976, "T", "SMD", "D14", "", "R", 31.496, 31.496, 0, 0, 234],
		[57, "LED22_2", 498.454, -353.6091, "T", "SMD", "$1N4578", "", "R", 31.496, 31.496, 0, 0, 234],
		[58, "LED23_1", 506.4854, -444.9674, "T", "SMD", "D15", "", "R", 31.496, 31.496, 0, 0, 228],
		[59, "LED23_2", 459.5163, -403.0396, "T", "SMD", "$1N4578", "", "R", 31.496, 31.496, 0, 0, 228],
		[60, "LED24_1", 457.1651, -495.3074, "T", "SMD", "D16", "", "R", 31.496, 31.496, 0, 0, 222],
		[61, "LED24_2", 414.836, -448.6997, "T", "SMD", "$1N4578", "", "R", 31.496, 31.496, 0, 0, 222],
		[62, "LED25_1", 402.6128, -541.3921, "T", "SMD", "D9", "", "R", 31.496, 31.496, 0, 0, 216],
		[63, "LED25_2", 365.3874, -490.6151, "T", "SMD", "$1N4696", "", "R", 31.496, 31.496, 0, 0, 216],
		[64, "LED26_1", 342.8567, -581.1986, "T", "SMD", "D10", "", "R", 31.496, 31.496, 0, 0, 210],
		[65, "LED26_2", 311.1428, -526.8086, "T", "SMD", "$1N4696", "", "R", 31.496, 31.496, 0, 0, 210],
		[66, "LED27_1", 278.9268, -614.7071, "T", "SMD", "D11", "", "R", 31.496, 31.496, 0, 0, 204],
		[67, "LED27_2", 253.072, -557.3, "T", "SMD", "$1N4696", "", "R", 31.496, 31.496, 0, 0, 204],
		[68, "LED28_1", 211.8553, -640.901, "T", "SMD", "D12", "", "R", 31.496, 31.496, 0, 0, 198],
		[69, "LED28_2", 192.1428, -581.1059, "T", "SMD", "$1N4696", "", "R", 31.496, 31.496, 0, 0, 198],
		[70, "LED29_1", 142.6758, -659.7674, "T", "SMD", "D13", "", "R", 31.496, 31.496, 0, 0, 192],
		[71, "LED29_2", 129.3215, -598.2393, "T", "SMD", "$1N4696", "", "R", 31.496, 31.496, 0, 0, 192],
		[72, "LED30_1", 71.4231, -670.2966, "T", "SMD", "D14", "", "R", 31.496, 31.496, 0, 0, 186],
		[73, "LED30_2", 64.5735, -607.7097, "T", "SMD", "$1N4696", "", "R", 31.496, 31.496, 0, 0, 186],
		[74, "LED31_1", 0.133, -674.483, "T", "SMD", "D15", "", "R", 31.496, 31.496, 0, 0, 180],
		[75, "LED31_2", -0.137, -611.523, "T", "SMD", "$1N4696", "", "R", 31.496, 31.496, 0, 0, 180],
		[76, "LED32_1", -71.1586, -671.3244, "T", "SMD", "D16", "", "R", 31.496, 31.496, 0, 0, 174],
		[77, "LED32_2", -64.846, -608.6811, "T", "SMD", "$1N4696", "", "R", 31.496, 31.496, 0, 0, 174],
		[78, "LED33_1", -141.4156, -659.8227, "T", "SMD", "D9", "", "R", 31.496, 31.496, 0, 0, 168],
		[79, "LED33_2", -128.5896, -598.1824, "T", "SMD", "$1N4814", "", "R", 31.496, 31.496, 0, 0, 168],
		[80, "LED34_1", -210.6023, -640.9832, "T", "SMD", "D10", "", "R", 31.496, 31.496, 0, 0, 162],
		[81, "LED34_2", -191.4034, -581.0212, "T", "SMD", "$1N4814", "", "R", 31.496, 31.496, 0, 0, 162],
		[82, "LED35_1", -277.6838, -614.8152, "T", "SMD", "D11", "", "R", 31.496, 31.496, 0, 0, 156],
		[83, "LED35_2", -252.3223, -557.1886, "T", "SMD", "$1N4814", "", "R", 31.496, 31.496, 0, 0, 156],
		[84, "LED36_1", -342.6263, -581.3316, "T", "SMD", "D12", "", "R", 31.496, 31.496, 0, 0, 150],
		[85, "LED36_2", -311.3801, -526.6716, "T", "SMD", "$1N4814", "", "R", 31.496, 31.496, 0, 0, 150],
		[86, "LED37_1", -402.3976, -541.5484, "T", "SMD", "D13", "", "R", 31.496, 31.496, 0, 0, 144],
		[87, "LED37_2", -365.6091, -490.454, "T", "SMD", "$1N4814", "", "R", 31.496, 31.496, 0, 0, 144],
		[88, "LED38_1", -457.9674, -495.4854, "T", "SMD", "D14", "", "R", 31.496, 31.496, 0, 0, 138],
		[89, "LED38_2", -416.0396, -448.5163, "T", "SMD", "$1N4814", "", "R", 31.496, 31.496, 0, 0, 138],
		[90, "LED39_1", -508.3074, -444.1651, "T", "SMD", "D15", "", "R", 31.496, 31.496, 0, 0, 132],
		[91, "LED39_2", -461.6997, -401.836, "T", "SMD", "$1N4814", "", "R", 31.496, 31.496, 0, 0, 132],
		[92, "LED40_1", -551.3921, -388.6128, "T", "SMD", "D16", "", "R", 31.496, 31.496, 0, 0, 126],
		[93, "LED40_2", -500.6151, -351.3874, "T", "SMD", "$1N4814", "", "R", 31.496, 31.496, 0, 0, 126],
		[94, "LED41_1", -589.1986, -328.8567, "T", "SMD", "D9", "", "R", 31.496, 31.496, 0, 0, 120],
		[95, "LED41_2", -534.8086, -297.1428, "T", "SMD", "$1N4933", "", "R", 31.496, 31.496, 0, 0, 120],
		[96, "LED42_1", -619.7071, -266.9268, "T", "SMD", "D10", "", "R", 31.496, 31.496, 0, 0, 114],
		[97, "LED42_2", -562.3, -241.072, "T", "SMD", "$1N4933", "", "R", 31.496, 31.496, 0, 0, 114],
		[98, "LED43_1", -642.901, -202.8553, "T", "SMD", "D11", "", "R", 31.496, 31.496, 0, 0, 108],
		[99, "LED43_2", -583.1059, -183.1428, "T", "SMD", "$1N4933", "", "R", 31.496, 31.496, 0, 0, 108],
		[100, "LED44_1", -660.7674, -136.6758, "T", "SMD", "D12", "", "R", 31.496, 31.496, 0, 0, 102],
		[101, "LED44_2", -599.2393, -123.3215, "T", "SMD", "$1N4933", "", "R", 31.496, 31.496, 0, 0, 102],
		[102, "LED45_1", -671.2966, -68.4231, "T", "SMD", "D13", "", "R", 31.496, 31.496, 0, 0, 96],
		[103, "LED45_2", -608.7097, -61.5735, "T", "SMD", "$1N4933", "", "R", 31.496, 31.496, 0, 0, 96],
		[104, "LED46_1", -674.483, -0.133, "T", "SMD", "D14", "", "R", 31.496, 31.496, 0, 0, 90],
		[105, "LED46_2", -611.523, 0.137, "T", "SMD", "$1N4933", "", "R", 31.496, 31.496, 0, 0, 90],
		[106, "LED47_1", -671.3244, 71.1586, "T", "SMD", "D15", "", "R", 31.496, 31.496, 0, 0, 84],
		[107, "LED47_2", -608.6811, 64.846, "T", "SMD", "$1N4933", "", "R", 31.496, 31.496, 0, 0, 84],
		[108, "LED48_1", -659.8227, 141.4156, "T", "SMD", "D16", "", "R", 31.496, 31.496, 0, 0, 78],
		[109, "LED48_2", -598.1824, 128.5896, "T", "SMD", "$1N4933", "", "R", 31.496, 31.496, 0, 0, 78],
		[110, "LED49_1", -640.9832, 209.6023, "T", "SMD", "D9", "", "R", 31.496, 31.496, 0, 0, 72],
		[111, "LED49_2", -581.0212, 190.4034, "T", "SMD", "$1N5051", "", "R", 31.496, 31.496, 0, 0, 72],
		[112, "LED50_1", -615.8152, 275.6838, "T", "SMD", "D10", "", "R", 31.496, 31.496, 0, 0, 66],
		[113, "LED50_2", -558.1886, 250.3223, "T", "SMD", "$1N5051", "", "R", 31.496, 31.496, 0, 0, 66],
		[114, "LED51_1", -583.3316, 338.6263, "T", "SMD", "D11", "", "R", 31.496, 31.496, 0, 0, 60],
		[115, "LED51_2", -528.6716, 307.3801, "T", "SMD", "$1N5051", "", "R", 31.496, 31.496, 0, 0, 60],
		[116, "LED52_1", -546.5484, 396.3976, "T", "SMD", "D12", "", "R", 31.496, 31.496, 0, 0, 54],
		[117, "LED52_2", -495.454, 359.6091, "T", "SMD", "$1N5051", "", "R", 31.496, 31.496, 0, 0, 54],
		[118, "LED53_1", -502.4854, 450.9674, "T", "SMD", "D13", "", "R", 31.496, 31.496, 0, 0, 48],
		[119, "LED53_2", -455.5163, 409.0396, "T", "SMD", "$1N5051", "", "R", 31.496, 31.496, 0, 0, 48],
		[120, "LED54_1", -453.1651, 500.3074, "T", "SMD", "D14", "", "R", 31.496, 31.496, 0, 0, 42],
		[121, "LED54_2", -410.836, 453.6997, "T", "SMD", "$1N5051", "", "R", 31.496, 31.496, 0, 0, 42],
		[122, "LED55_1", -398.6128, 544.3921, "T", "SMD", "D15", "", "R", 31.496, 31.496, 0, 0, 36],
		[123, "LED55_2", -361.3874, 493.6151, "T", "SMD", "$1N5051", "", "R", 31.496, 31.496, 0, 0, 36],
		[124, "LED56_1", -338.8567, 583.1986, "T", "SMD", "D16", "", "R", 31.496, 31.496, 0, 0, 30],
		[125, "LED56_2", -307.1428, 528.8086, "T", "SMD", "$1N5051", "", "R", 31.496, 31.496, 0, 0, 30],
		[126, "LED57_1", -275.9268, 615.7071, "T", "SMD", "D9", "", "R", 31.496, 31.496, 0, 0, 24],
		[127, "LED57_2", -250.072, 558.3, "T", "SMD", "$1N5170", "", "R", 31.496, 31.496, 0, 0, 24],
		[128, "LED58_1", -209.8553, 640.901, "T", "SMD", "D10", "", "R", 31.496, 31.496, 0, 0, 18],
		[129, "LED58_2", -190.1428, 581.1059, "T", "SMD", "$1N5170", "", "R", 31.496, 31.496, 0, 0, 18],
		[130, "LED59_1", -140.6758, 659.7674, "T", "SMD", "D11", "", "R", 31.496, 31.496, 0, 0, 12],
		[131, "LED59_2", -127.3215, 598.2393, "T", "SMD", "$1N5170", "", "R", 31.496, 31.496, 0, 0, 12],
		[132, "LED60_1", -70.4231, 671.2966, "T", "SMD", "D12", "", "R", 31.496, 31.496, 0, 0, 6],
		[133, "LED60_2", -63.5735, 608.7097, "T", "SMD", "$1N5170", "", "R", 31.496, 31.496, 0, 0, 6],
		[134, "LED61_1", -0.142, 475.478, "T", "SMD", "D13", "", "R", 31.496, 31.496, 0, 0, 0],
		[135, "LED61_2", 0.138, 412.528, "T", "SMD", "$1N5170", "", "R", 31.496, 31.496, 0, 0, 0],
		[136, "LED62_1", 236.616, 412.3318, "T", "SMD", "D14", "", "R", 31.496, 31.496, 0, 0, 330],
		[137, "LED62_2", 205.3835, 357.6755, "T", "SMD", "$1N5170", "", "R", 31.496, 31.496, 0, 0, 330],
		[138, "LED63_1", 411.1898, 238.862, "T", "SMD", "D15", "", "R", 31.496, 31.496, 0, 0, 300],
		[139, "LED63_2", 356.8135, 207.1445, "T", "SMD", "$1N5170", "", "R", 31.496, 31.496, 0, 0, 300],
		[140, "LED64_1", 475.478, 0.142, "T", "SMD", "D16", "", "R", 31.496, 31.496, 0, 0, 270],
		[141, "LED64_2", 412.528, -0.138, "T", "SMD", "$1N5170", "", "R", 31.496, 31.496, 0, 0, 270],
		[142, "LED65_1", 412.3318, -237.616, "T", "SMD", "D9", "", "R", 31.496, 31.496, 0, 0, 240],
		[143, "LED65_2", 357.6755, -206.3835, "T", "SMD", "$1N5291", "", "R", 31.496, 31.496, 0, 0, 240],
		[144, "LED66_1", 237.862, -412.1898, "T", "SMD", "D10", "", "R", 31.496, 31.496, 0, 0, 210],
		[145, "LED66_2", 206.1445, -357.8135, "T", "SMD", "$1N5291", "", "R", 31.496, 31.496, 0, 0, 210],
		[146, "LED67_1", 0.142, -475.478, "T", "SMD", "D11", "", "R", 31.496, 31.496, 0, 0, 180],
		[147, "LED67_2", -0.138, -412.528, "T", "SMD", "$1N5291", "", "R", 31.496, 31.496, 0, 0, 180],
		[148, "LED68_1", -238.616, -411.3318, "T", "SMD", "D12", "", "R", 31.496, 31.496, 0, 0, 150],
		[149, "LED68_2", -207.3835, -356.6755, "T", "SMD", "$1N5291", "", "R", 31.496, 31.496, 0, 0, 150],
		[150, "LED69_1", -412.1898, -236.862, "T", "SMD", "D13", "", "R", 31.496, 31.496, 0, 0, 120],
		[151, "LED69_2", -357.8135, -205.1445, "T", "SMD", "$1N5291", "", "R", 31.496, 31.496, 0, 0, 120],
		[152, "LED70_1", -475.478, -0.142, "T", "SMD", "D14", "", "R", 31.496, 31.496, 0, 0, 90],
		[153, "LED70_2", -412.528, 0.138, "T", "SMD", "$1N5291", "", "R", 31.496, 31.496, 0, 0, 90],
		[154, "LED71_1", -411.3318, 238.616, "T", "SMD", "D15", "", "R", 31.496, 31.496, 0, 0, 60],
		[155, "LED71_2", -356.6755, 207.3835, "T", "SMD", "$1N5291", "", "R", 31.496, 31.496, 0, 0, 60],
		[156, "LED72_1", -236.862, 412.1898, "T", "SMD", "D16", "", "R", 31.496, 31.496, 0, 0, 30],
		[157, "LED72_2", -205.1445, 357.8135, "T", "SMD", "$1N5291", "", "R", 31.496, 31.496, 0, 0, 30],
		[158, "MISO_1", 250.8425, 444.5935, "B", "SMD", "D12", "", "C", 59.0551, 59.0551, 0, 0, 180],
		[159, "MOSI_1", 150.8056, 444.5935, "B", "SMD", "D11", "", "C", 59.0551, 59.0551, 0, 0, 180],
		[160, "R1_1", -266.9966, 41.9544, "T", "SMD", "D0", "", "R", 34.016, 31.751, 0, 0, 180],
		[161, "R1_2", -266.9966, 101.2744, "T", "SMD", "$1N4330", "", "R", 34.016, 31.751, 0, 0, 180],
		[162, "R2_1", -266.9966, -42.4266, "T", "SMD", "D1", "", "R", 34.016, 31.751, 0, 0, 0],
		[163, "R2_2", -266.9966, -101.7466, "T", "SMD", "$1N4461", "", "R", 34.016, 31.751, 0, 0, 0],
		[164, "R3_1", -102.66, 266, "T", "SMD", "D2", "", "R", 34.016, 31.751, 0, 0, 90],
		[165, "R3_2", -43.34, 266, "T", "SMD", "$1N4578", "", "R", 34.016, 31.751, 0, 0, 90],
		[166, "R4_1", -102.66, -266, "T", "SMD", "D3", "", "R", 34.016, 31.751, 0, 0, 90],
		[167, "R4_2", -43.34, -266, "T", "SMD", "$1N4696", "", "R", 34.016, 31.751, 0, 0, 90],
		[168, "R5_1", 102.66, -266, "T", "SMD", "D4", "", "R", 34.016, 31.751, 0, 0, 270],
		[169, "R5_2", 43.34, -266, "T", "SMD", "$1N4814", "", "R", 34.016, 31.751, 0, 0, 270],
		[170, "R6_1", 379.66, -623, "B", "SMD", "D5", "", "R", 34.016, 31.751, 0, 0, 90],
		[171, "R6_2", 320.34, -623, "B", "SMD", "$1N4933", "", "R", 34.016, 31.751, 0, 0, 90],
		[172, "R7_1", 265, -101.66, "T", "SMD", "D6", "", "R", 34.016, 31.751, 0, 0, 180],
		[173, "R7_2", 265, -42.34, "T", "SMD", "$1N5051", "", "R", 34.016, 31.751, 0, 0, 180],
		[174, "R8_1", 265, 44.34, "T", "SMD", "D7", "", "R", 34.016, 31.751, 0, 0, 180],
		[175, "R8_2", 265, 103.66, "T", "SMD", "$1N5170", "", "R", 34.016, 31.751, 0, 0, 180],
		[176, "R9_1", 100.66, 266, "T", "SMD", "D8", "", "R", 34.016, 31.751, 0, 0, 270],
		[177, "R9_2", 41.34, 266, "T", "SMD", "$1N5291", "", "R", 34.016, 31.751, 0, 0, 270],
		[178, "R10_1", -205.34, -683, "B", "SMD", "SDA", "", "R", 34.016, 31.751, 0, 0, 90],
		[179, "R10_2", -264.66, -683, "B", "SMD", "+5V", "", "R", 34.016, 31.751, 0, 0, 90],
		[180, "R11_1", -351.66, -610, "B", "SMD", "SCL", "", "R", 34.016, 31.751, 0, 0, 270],
		[181, "R11_2", -292.34, -610, "B", "SMD", "+5V", "", "R", 34.016, 31.751, 0, 0, 270],
		[182, "R12_1", -644, -249.34, "B", "SMD", "RST", "", "R", 34.016, 31.751, 0, 0, 180],
		[183, "R12_2", -644, -308.66, "B", "SMD", "+5V", "", "R", 34.016, 31.751, 0, 0, 180],
		[184, "RST_1", -49.2682, 444.5935, "B", "SMD", "RST", "", "C", 59.0551, 59.0551, 0, 0, 180],
		[185, "SCK_1", 50.7687, 444.5935, "B", "SMD", "D13", "", "C", 59.0551, 59.0551, 0, 0, 180],
		[186, "SW1_1", 505.88, -65.94, "B", "SMD", "BTN", "", "R", 55.118, 31.496, 0, 0, 0],
		[187, "SW1_2", 505.88, 65.95, "B", "SMD", "GND", "GND", "R", 55.118, 31.496, 0, 0, 0],
		[188, "SW1_3", 578.12, -88.58, "B", "SMD", "NET_1", "", "R", 47.244, 31.496, 0, 0, 0],
		[189, "SW1_4", 578.12, 88.58, "B", "SMD", "NET_2", "", "R", 47.244, 31.496, 0, 0, 0],
		[190, "U1_1", -110.236, -172, "T", "SMD", "D3", "", "O", 64.961, 17.717, 0, 0, 90],
		[191, "U1_2", -78.74, -172, "T", "SMD", "D4", "", "O", 64.961, 17.717, 0, 0, 90],
		[192, "U1_3", -47.244, -172, "T", "SMD", "GND", "GND", "O", 64.961, 17.717, 0, 0, 90],
		[193, "U1_4", -15.748, -172, "T", "SMD", "+5V", "", "O", 64.961, 17.717, 0, 0, 90],
		[194, "U1_5", 15.748, -172, "T", "SMD", "GND", "GND", "O", 64.961, 17.717, 0, 0, 90],
		[195, "U1_6", 47.244, -172, "T", "SMD", "+5V", "", "O", 64.961, 17.717, 0, 0, 90],
		[196, "U1_7", 78.74, -172, "T", "SMD", "X1", "", "O", 64.961, 17.717, 0, 0, 90],
		[197, "U1_8", 110.236, -172, "T", "SMD", "X2", "", "O", 64.961, 17.717, 0, 0, 90],
		[198, "U1_9", 172.5, -110.236, "T", "SMD", "D5", "", "O", 64.961, 17.717, 0, 0, 0],
		[199, "U1_10", 172.5, -78.74, "T", "SMD", "D6", "", "O", 64.961, 17.717, 0, 0, 0],
		[200, "U1_11", 172.5, -47.244, "T", "SMD", "D7", "", "O", 64.961, 17.717, 0, 0, 0],
		[201, "U1_12", 172.5, -15.748, "T", "SMD", "D8", "", "O", 64.961, 17.717, 0, 0, 0],
		[202, "U1_13", 172.5, 15.748, "T", "SMD", "D9", "", "O", 64.961, 17.717, 0, 0, 0],
		[203, "U1_14", 172.5, 47.244, "T", "SMD", "D10", "", "O", 64.961, 17.717, 0, 0, 0],
		[204, "U1_15", 172.5, 78.74, "T", "SMD", "D11", "", "O", 64.961, 17.717, 0, 0, 0],
		[205, "U1_16", 172.5, 110.236, "T", "SMD", "D12", "", "O", 64.961, 17.717, 0, 0, 0],
		[206, "U1_17", 110.236, 172, "T", "SMD", "D13", "", "O", 64.961, 17.717, 0, 0, 90],
		[207, "U1_18", 78.74, 172, "T", "SMD", "+5V", "", "O", 64.961, 17.717, 0, 0, 90],
		[208, "U1_19", 47.244, 172, "T", "SMD", "NET_3", "", "O", 64.961, 17.717, 0, 0, 90],
		[209, "U1_20", 15.748, 172, "T", "SMD", "NET_4", "", "O", 64.961, 17.717, 0, 0, 90],
		[210, "U1_21", -15.748, 172, "T", "SMD", "GND", "GND", "O", 64.961, 17.717, 0, 0, 90],
		[211, "U1_22", -47.244, 172, "T", "SMD", "NET_5", "", "O", 64.961, 17.717, 0, 0, 90],
		[212, "U1_23", -78.74, 172, "T", "SMD", "D14", "", "O", 64.961, 17.717, 0, 0, 90],
		[213, "U1_24", -110.236, 172, "T", "SMD", "D15", "", "O", 64.961, 17.717, 0, 0, 90],
		[214, "U1_25", -172.5, 110.236, "T", "SMD", "D16", "", "O", 64.961, 17.717, 0, 0, 0],
		[215, "U1_26", -172.5, 78.74, "T", "SMD", "D2", "", "O", 64.961, 17.717, 0, 0, 0],
		[216, "U1_27", -172.5, 47.244, "T", "SMD", "SDA", "", "O", 64.961, 17.717, 0, 0, 0],
		[217, "U1_28", -172.5, 15.748, "T", "SMD", "SCL", "", "O", 64.961, 17.717, 0, 0, 0],
		[218, "U1_29", -172.5, -15.748, "T", "SMD", "RST", "", "O", 64.961, 17.717, 0, 0, 0],
		[219, "U1_30", -172.5, -47.244, "T", "SMD", "D0", "", "O", 64.961, 17.717, 0, 0, 0],
		[220, "U1_31", -172.5, -78.74, "T", "SMD", "D1", "", "O", 64.961, 17.717, 0, 0, 0],
		[221, "U1_32", -172.5, -110.236, "T", "SMD", "BTN", "", "O", 64.961, 17.717, 0, 0, 0],
		[222, "U2_1", -520, -292.85, "B", "SMD", "NET_6", "", "O", 80.512, 23.15, 0, 0, 270],
		[223, "U2_2", -470, -292.85, "B", "SMD", "GND", "GND", "O", 80.512, 23.15, 0, 0, 270],
		[224, "U2_3", -420, -292.85, "B", "SMD", "NET_7", "", "O", 80.512, 23.15, 0, 0, 270],
		[225, "U2_4", -370, -292.85, "B", "SMD", "NET_8", "", "O", 80.512, 23.15, 0, 0, 270],
		[226, "U2_5", -370, -511.15, "B", "SMD", "GND", "GND", "O", 80.512, 23.15, 0, 0, 270],
		[227, "U2_6", -420, -511.15, "B", "SMD", "+5V", "", "O", 80.512, 23.15, 0, 0, 270],
		[228, "U2_7", -470, -511.15, "B", "SMD", "SDA", "", "O", 80.512, 23.15, 0, 0, 270],
		[229, "U2_8", -520, -511.15, "B", "SMD", "SCL", "", "O", 80.512, 23.15, 0, 0, 270],
		[230, "VCC_1", -249.342, 444.5935, "B", "SMD", "+5V", "", "C", 59.0551, 59.0551, 0, 0, 180],
		[231, "X1_1", -19.77, -669, "B", "SMD", "X1", "", "R", 94.488, 74.803, 0, 0, 270],
		[232, "X1_2", 133.77, -669, "B", "SMD", "X2", "", "R", 94.488, 74.803, 0, 0, 270],
		[233, "PAD1_1", 359.9455, 328.545, "B", "SMD", "+5V", "", "R", 59.0551, 59.0551, 0, 0, 180],
		[234, "PAD2_1", 453.145, 147.175, "B", "SMD", "GND", "GND", "R", 59.0551, 59.0551, 0, 0, 180],
		[235, "PAD3_1", -120, -660.44, "B", "SMD", "GND", "GND", "R", 35.433, 31.496, 0, 0, 180],
		[236, "PAD4_2", -120, -715.56, "B", "SMD", "X1", "", "R", 35.433, 31.496, 0, 0, 180],
		[237, "PAD5_1", 239, -625.44, "B", "SMD", "GND", "GND", "R", 35.433, 31.496, 0, 0, 180],
		[238, "PAD6_2", 239, -680.56, "B", "SMD", "X2", "", "R", 35.433, 31.496, 0, 0, 180],
		[239, "PAD7_1", -708, 159.56, "B", "SMD", "GND", "GND", "R", 35.433, 31.496, 0, 0, 180],
		[240, "PAD8_2", -708, 104.44, "B", "SMD", "+5V", "", "R", 35.433, 31.496, 0, 0, 180],
		[241, "PAD9_1", -724, 27.56, "B", "SMD", "GND", "GND", "R", 35.433, 31.496, 0, 0, 180],
		[242, "PAD10_2", -724, -27.56, "B", "SMD", "+5V", "", "R", 35.433, 31.496, 0, 0, 180],
		[243, "PAD11_1", -708, -106.44, "B", "SMD", "GND", "GND", "R", 35.433, 31.496, 0, 0, 180],
		[244, "PAD12_2", -708, -161.56, "B", "SMD", "+5V", "", "R", 35.433, 31.496, 0, 0, 180],
		[245, "PAD13_1", -149.3051, 444.5935, "B", "SMD", "GND", "GND", "C", 59.0551, 59.0551, 0, 0, 180],
		[246, "PAD14_1", -0.133, 673.483, "T", "SMD", "D9", "", "R", 31.496, 31.496, 0, 0, 0],
		[247, "PAD15_2", 0.137, 610.523, "T", "SMD", "$1N4330", "", "R", 31.496, 31.496, 0, 0, 0],
		[248, "PAD16_1", 71.1586, 670.3244, "T", "SMD", "D10", "", "R", 31.496, 31.496, 0, 0, 354],
		[249, "PAD17_2", 64.846, 607.6811, "T", "SMD", "$1N4330", "", "R", 31.496, 31.496, 0, 0, 354],
		[250, "PAD18_1", 140.4156, 658.8227, "T", "SMD", "D11", "", "R", 31.496, 31.496, 0, 0, 348],
		[251, "PAD19_2", 127.5896, 597.1824, "T", "SMD", "$1N4330", "", "R", 31.496, 31.496, 0, 0, 348],
		[252, "PAD20_1", 209.6023, 639.9832, "T", "SMD", "D12", "", "R", 31.496, 31.496, 0, 0, 342],
		[253, "PAD21_2", 190.4034, 580.0212, "T", "SMD", "$1N4330", "", "R", 31.496, 31.496, 0, 0, 342],
		[254, "PAD22_1", 276.6838, 613.8152, "T", "SMD", "D13", "", "R", 31.496, 31.496, 0, 0, 336],
		[255, "PAD23_2", 251.3223, 556.1886, "T", "SMD", "$1N4330", "", "R", 31.496, 31.496, 0, 0, 336],
		[256, "PAD24_1", 339.6263, 582.3316, "T", "SMD", "D14", "", "R", 31.496, 31.496, 0, 0, 330],
		[257, "PAD25_2", 308.3801, 527.6716, "T", "SMD", "$1N4330", "", "R", 31.496, 31.496, 0, 0, 330],
		[258, "PAD26_1", 398.3976, 543.5484, "T", "SMD", "D15", "", "R", 31.496, 31.496, 0, 0, 324],
		[259, "PAD27_2", 361.6091, 492.454, "T", "SMD", "$1N4330", "", "R", 31.496, 31.496, 0, 0, 324],
		[260, "PAD28_1", 452.9674, 499.4854, "T", "SMD", "D16", "", "R", 31.496, 31.496, 0, 0, 318],
		[261, "PAD29_2", 411.0396, 452.5163, "T", "SMD", "$1N4330", "", "R", 31.496, 31.496, 0, 0, 318],
		[262, "PAD30_1", 503.3074, 449.1651, "T", "SMD", "D9", "", "R", 31.496, 31.496, 0, 0, 312],
		[263, "PAD31_2", 456.6997, 406.836, "T", "SMD", "$1N4461", "", "R", 31.496, 31.496, 0, 0, 312],
		[264, "PAD32_1", 547.3921, 394.6128, "T", "SMD", "D10", "", "R", 31.496, 31.496, 0, 0, 306],
		[265, "PAD33_2", 496.6151, 357.3874, "T", "SMD", "$1N4461", "", "R", 31.496, 31.496, 0, 0, 306],
		[266, "PAD34_1", 585.1986, 335.8567, "T", "SMD", "D11", "", "R", 31.496, 31.496, 0, 0, 300],
		[267, "PAD35_2", 530.8086, 304.1428, "T", "SMD", "$1N4461", "", "R", 31.496, 31.496, 0, 0, 300],
		[268, "PAD36_1", 616.7071, 272.9268, "T", "SMD", "D12", "", "R", 31.496, 31.496, 0, 0, 294],
		[269, "PAD37_2", 559.3, 247.072, "T", "SMD", "$1N4461", "", "R", 31.496, 31.496, 0, 0, 294],
		[270, "PAD38_1", 641.901, 205.8553, "T", "SMD", "D13", "", "R", 31.496, 31.496, 0, 0, 288],
		[271, "PAD39_2", 582.1059, 186.1428, "T", "SMD", "$1N4461", "", "R", 31.496, 31.496, 0, 0, 288],
		[272, "PAD40_1", 660.7674, 136.6758, "T", "SMD", "D14", "", "R", 31.496, 31.496, 0, 0, 282],
		[273, "PAD41_2", 599.2393, 123.3215, "T", "SMD", "$1N4461", "", "R", 31.496, 31.496, 0, 0, 282],
		[274, "PAD42_1", 671.2966, 67.4231, "T", "SMD", "D15", "", "R", 31.496, 31.496, 0, 0, 276],
		[275, "PAD43_2", 608.7097, 60.5735, "T", "SMD", "$1N4461", "", "R", 31.496, 31.496, 0, 0, 276],
		[276, "PAD44_1", 674.483, 0.133, "T", "SMD", "D16", "", "R", 31.496, 31.496, 0, 0, 270],
		[277, "PAD45_2", 611.523, -0.137, "T", "SMD", "$1N4461", "", "R", 31.496, 31.496, 0, 0, 270],
		[278, "PAD46_1", 671.3244, -69.1586, "T", "SMD", "D9", "", "R", 31.496, 31.496, 0, 0, 264],
		[279, "PAD47_2", 608.6811, -62.846, "T", "SMD", "$1N4578", "", "R", 31.496, 31.496, 0, 0, 264],
		[280, "PAD48_1", 660.8227, -138.4156, "T", "SMD", "D10", "", "R", 31.496, 31.496, 0, 0, 258],
		[281, "PAD49_2", 599.1824, -125.5896, "T", "SMD", "$1N4578", "", "R", 31.496, 31.496, 0, 0, 258],
		[282, "PAD50_1", 642.9832, -205.6023, "T", "SMD", "D11", "", "R", 31.496, 31.496, 0, 0, 252],
		[283, "PAD51_2", 583.0212, -186.4034, "T", "SMD", "$1N4578", "", "R", 31.496, 31.496, 0, 0, 252],
		[284, "PAD52_1", 617.8152, -270.6838, "T", "SMD", "D12", "", "R", 31.496, 31.496, 0, 0, 246],
		[285, "PAD53_2", 560.1886, -245.3223, "T", "SMD", "$1N4578", "", "R", 31.496, 31.496, 0, 0, 246],
		[286, "PAD54_1", 587.3316, -331.6263, "T", "SMD", "D13", "", "R", 31.496, 31.496, 0, 0, 240],
		[287, "PAD55_2", 532.6716, -300.3801, "T", "SMD", "$1N4578", "", "R", 31.496, 31.496, 0, 0, 240],
		[288, "PAD56_1", 549.5484, -390.3976, "T", "SMD", "D14", "", "R", 31.496, 31.496, 0, 0, 234],
		[289, "PAD57_2", 498.454, -353.6091, "T", "SMD", "$1N4578", "", "R", 31.496, 31.496, 0, 0, 234],
		[290, "PAD58_1", 506.4854, -444.9674, "T", "SMD", "D15", "", "R", 31.496, 31.496, 0, 0, 228],
		[291, "PAD59_2", 459.5163, -403.0396, "T", "SMD", "$1N4578", "", "R", 31.496, 31.496, 0, 0, 228],
		[292, "PAD60_1", 457.1651, -495.3074, "T", "SMD", "D16", "", "R", 31.496, 31.496, 0, 0, 222],
		[293, "PAD61_2", 414.836, -448.6997, "T", "SMD", "$1N4578", "", "R", 31.496, 31.496, 0, 0, 222],
		[294, "PAD62_1", 402.6128, -541.3921, "T", "SMD", "D9", "", "R", 31.496, 31.496, 0, 0, 216],
		[295, "PAD63_2", 365.3874, -490.6151, "T", "SMD", "$1N4696", "", "R", 31.496, 31.496, 0, 0, 216],
		[296, "PAD64_1", 342.8567, -581.1986, "T", "SMD", "D10", "", "R", 31.496, 31.496, 0, 0, 210],
		[297, "PAD65_2", 311.1428, -526.8086, "T", "SMD", "$1N4696", "", "R", 31.496, 31.496, 0, 0, 210],
		[298, "PAD66_1", 278.9268, -614.7071, "T", "SMD", "D11", "", "R", 31.496, 31.496, 0, 0, 204],
		[299, "PAD67_2", 253.072, -557.3, "T", "SMD", "$1N4696", "", "R", 31.496, 31.496, 0, 0, 204],
		[300, "PAD68_1", 211.8553, -640.901, "T", "SMD", "D12", "", "R", 31.496, 31.496, 0, 0, 198],
		[301, "PAD69_2", 192.1428, -581.1059, "T", "SMD", "$1N4696", "", "R", 31.496, 31.496, 0, 0, 198],
		[302, "PAD70_1", 142.6758, -659.7674, "T", "SMD", "D13", "", "R", 31.496, 31.496, 0, 0, 192],
		[303, "PAD71_2", 129.3215, -598.2393, "T", "SMD", "$1N4696", "", "R", 31.496, 31.496, 0, 0, 192],
		[304, "PAD72_1", 71.4231, -670.2966, "T", "SMD", "D14", "", "R", 31.496, 31.496, 0, 0, 186],
		[305, "PAD73_2", 64.5735, -607.7097, "T", "SMD", "$1N4696", "", "R", 31.496, 31.496, 0, 0, 186],
		[306, "PAD74_1", 0.133, -674.483, "T", "SMD", "D15", "", "R", 31.496, 31.496, 0, 0, 180],
		[307, "PAD75_2", -0.137, -611.523, "T", "SMD", "$1N4696", "", "R", 31.496, 31.496, 0, 0, 180],
		[308, "PAD76_1", -71.1586, -671.3244, "T", "SMD", "D16", "", "R", 31.496, 31.496, 0, 0, 174],
		[309, "PAD77_2", -64.846, -608.6811, "T", "SMD", "$1N4696", "", "R", 31.496, 31.496, 0, 0, 174],
		[310, "PAD78_1", -141.4156, -659.8227, "T", "SMD", "D9", "", "R", 31.496, 31.496, 0, 0, 168],
		[311, "PAD79_2", -128.5896, -598.1824, "T", "SMD", "$1N4814", "", "R", 31.496, 31.496, 0, 0, 168],
		[312, "PAD80_1", -210.6023, -640.9832, "T", "SMD", "D10", "", "R", 31.496, 31.496, 0, 0, 162],
		[313, "PAD81_2", -191.4034, -581.0212, "T", "SMD", "$1N4814", "", "R", 31.496, 31.496, 0, 0, 162],
		[314, "PAD82_1", -277.6838, -614.8152, "T", "SMD", "D11", "", "R", 31.496, 31.496, 0, 0, 156],
		[315, "PAD83_2", -252.3223, -557.1886, "T", "SMD", "$1N4814", "", "R", 31.496, 31.496, 0, 0, 156],
		[316, "PAD84_1", -342.6263, -581.3316, "T", "SMD", "D12", "", "R", 31.496, 31.496, 0, 0, 150],
		[317, "PAD85_2", -311.3801, -526.6716, "T", "SMD", "$1N4814", "", "R", 31.496, 31.496, 0, 0, 150],
		[318, "PAD86_1", -402.3976, -541.5484, "T", "SMD", "D13", "", "R", 31.496, 31.496, 0, 0, 144],
		[319, "PAD87_2", -365.6091, -490.454, "T", "SMD", "$1N4814", "", "R", 31.496, 31.496, 0, 0, 144],
		[320, "PAD88_1", -457.9674, -495.4854, "T", "SMD", "D14", "", "R", 31.496, 31.496, 0, 0, 138],
		[321, "PAD89_2", -416.0396, -448.5163, "T", "SMD", "$1N4814", "", "R", 31.496, 31.496, 0, 0, 138],
		[322, "PAD90_1", -508.3074, -444.1651, "T", "SMD", "D15", "", "R", 31.496, 31.496, 0, 0, 132],
		[323, "PAD91_2", -461.6997, -401.836, "T", "SMD", "$1N4814", "", "R", 31.496, 31.496, 0, 0, 132],
		[324, "PAD92_1", -551.3921, -388.6128, "T", "SMD", "D16", "", "R", 31.496, 31.496, 0, 0, 126],
		[325, "PAD93_2", -500.6151, -351.3874, "T", "SMD", "$1N4814", "", "R", 31.496, 31.496, 0, 0, 126],
		[326, "PAD94_1", -589.1986, -328.8567, "T", "SMD", "D9", "", "R", 31.496, 31.496, 0, 0, 120],
		[327, "PAD95_2", -534.8086, -297.1428, "T", "SMD", "$1N4933", "", "R", 31.496, 31.496, 0, 0, 120],
		[328, "PAD96_1", -619.7071, -266.9268, "T", "SMD", "D10", "", "R", 31.496, 31.496, 0, 0, 114],
		[329, "PAD97_2", -562.3, -241.072, "T", "SMD", "$1N4933", "", "R", 31.496, 31.496, 0, 0, 114],
		[330, "PAD98_1", -642.901, -202.8553, "T", "SMD", "D11", "", "R", 31.496, 31.496, 0, 0, 108],
		[331, "PAD99_2", -583.1059, -183.1428, "T", "SMD", "$1N4933", "", "R", 31.496, 31.496, 0, 0, 108],
		[332, "PAD100_1", -660.7674, -136.6758, "T", "SMD", "D12", "", "R", 31.496, 31.496, 0, 0, 102],
		[333, "PAD101_2", -599.2393, -123.3215, "T", "SMD", "$1N4933", "", "R", 31.496, 31.496, 0, 0, 102],
		[334, "PAD102_1", -671.2966, -68.4231, "T", "SMD", "D13", "", "R", 31.496, 31.496, 0, 0, 96],
		[335, "PAD103_2", -608.7097, -61.5735, "T", "SMD", "$1N4933", "", "R", 31.496, 31.496, 0, 0, 96],
		[336, "PAD104_1", -674.483, -0.133, "T", "SMD", "D14", "", "R", 31.496, 31.496, 0, 0, 90],
		[337, "PAD105_2", -611.523, 0.137, "T", "SMD", "$1N4933", "", "R", 31.496, 31.496, 0, 0, 90],
		[338, "PAD106_1", -671.3244, 71.1586, "T", "SMD", "D15", "", "R", 31.496, 31.496, 0, 0, 84],
		[339, "PAD107_2", -608.6811, 64.846, "T", "SMD", "$1N4933", "", "R", 31.496, 31.496, 0, 0, 84],
		[340, "PAD108_1", -659.8227, 141.4156, "T", "SMD", "D16", "", "R", 31.496, 31.496, 0, 0, 78],
		[341, "PAD109_2", -598.1824, 128.5896, "T", "SMD", "$1N4933", "", "R", 31.496, 31.496, 0, 0, 78],
		[342, "PAD110_1", -640.9832, 209.6023, "T", "SMD", "D9", "", "R", 31.496, 31.496, 0, 0, 72],
		[343, "PAD111_2", -581.0212, 190.4034, "T", "SMD", "$1N5051", "", "R", 31.496, 31.496, 0, 0, 72],
		[344, "PAD112_1", -615.8152, 275.6838, "T", "SMD", "D10", "", "R", 31.496, 31.496, 0, 0, 66],
		[345, "PAD113_2", -558.1886, 250.3223, "T", "SMD", "$1N5051", "", "R", 31.496, 31.496, 0, 0, 66],
		[346, "PAD114_1", -583.3316, 338.6263, "T", "SMD", "D11", "", "R", 31.496, 31.496, 0, 0, 60],
		[347, "PAD115_2", -528.6716, 307.3801, "T", "SMD", "$1N5051", "", "R", 31.496, 31.496, 0, 0, 60],
		[348, "PAD116_1", -546.5484, 396.3976, "T", "SMD", "D12", "", "R", 31.496, 31.496, 0, 0, 54],
		[349, "PAD117_2", -495.454, 359.6091, "T", "SMD", "$1N5051", "", "R", 31.496, 31.496, 0, 0, 54],
		[350, "PAD118_1", -502.4854, 450.9674, "T", "SMD", "D13", "", "R", 31.496, 31.496, 0, 0, 48],
		[351, "PAD119_2", -455.5163, 409.0396, "T", "SMD", "$1N5051", "", "R", 31.496, 31.496, 0, 0, 48],
		[352, "PAD120_1", -453.1651, 500.3074, "T", "SMD", "D14", "", "R", 31.496, 31.496, 0, 0, 42],
		[353, "PAD121_2", -410.836, 453.6997, "T", "SMD", "$1N5051", "", "R", 31.496, 31.496, 0, 0, 42],
		[354, "PAD122_1", -398.6128, 544.3921, "T", "SMD", "D15", "", "R", 31.496, 31.496, 0, 0, 36],
		[355, "PAD123_2", -361.3874, 493.6151, "T", "SMD", "$1N5051", "", "R", 31.496, 31.496, 0, 0, 36],
		[356, "PAD124_1", -338.8567, 583.1986, "T", "SMD", "D16", "", "R", 31.496, 31.496, 0, 0, 30],
		[357, "PAD125_2", -307.1428, 528.8086, "T", "SMD", "$1N5051", "", "R", 31.496, 31.496, 0, 0, 30],
		[358, "PAD126_1", -275.9268, 615.7071, "T", "SMD", "D9", "", "R", 31.496, 31.496, 0, 0, 24],
		[359, "PAD127_2", -250.072, 558.3, "T", "SMD", "$1N5170", "", "R", 31.496, 31.496, 0, 0, 24],
		[360, "PAD128_1", -209.8553, 640.901, "T", "SMD", "D10", "", "R", 31.496, 31.496, 0, 0, 18],
		[361, "PAD129_2", -190.1428, 581.1059, "T", "SMD", "$1N5170", "", "R", 31.496, 31.496, 0, 0, 18],
		[362, "PAD130_1", -140.6758, 659.7674, "T", "SMD", "D11", "", "R", 31.496, 31.496, 0, 0, 12],
		[363, "PAD131_2", -127.3215, 598.2393, "T", "SMD", "$1N5170", "", "R", 31.496, 31.496, 0, 0, 12],
		[364, "PAD132_1", -70.4231, 671.2966, "T", "SMD", "D12", "", "R", 31.496, 31.496, 0, 0, 6],
		[365, "PAD133_2", -63.5735, 608.7097, "T", "SMD", "$1N5170", "", "R", 31.496, 31.496, 0, 0, 6],
		[366, "PAD134_1", 250.8425, 444.5935, "B", "SMD", "D12", "", "C", 59.0551, 59.0551, 0, 0, 180],
		[367, "PAD135_1", 150.8056, 444.5935, "B", "SMD", "D11", "", "C", 59.0551, 59.0551, 0, 0, 180],
		[368, "PAD136_1", -205.34, -683, "B", "SMD", "SDA", "", "R", 34.016, 31.751, 0, 0, 90],
		[369, "PAD137_2", -264.66, -683, "B", "SMD", "+5V", "", "R", 34.016, 31.751, 0, 0, 90],
		[370, "PAD138_1", -351.66, -610, "B", "SMD", "SCL", "", "R", 34.016, 31.751, 0, 0, 270],
		[371, "PAD139_2", -292.34, -610, "B", "SMD", "+5V", "", "R", 34.016, 31.751, 0, 0, 270],
		[372, "PAD140_1", -644, -249.34, "B", "SMD", "RST", "", "R", 34.016, 31.751, 0, 0, 180],
		[373, "PAD141_2", -644, -308.66, "B", "SMD", "+5V", "", "R", 34.016, 31.751, 0, 0, 180],
		[374, "PAD142_1", -49.2682, 444.5935, "B", "SMD", "RST", "", "C", 59.0551, 59.0551, 0, 0, 180],
		[375, "PAD143_1", 50.7687, 444.5935, "B", "SMD", "D13", "", "C", 59.0551, 59.0551, 0, 0, 180],
		[376, "PAD144_1", 505.88, -65.94, "B", "SMD", "BTN", "", "R", 55.118, 31.496, 0, 0, 0],
		[377, "PAD145_2", 505.88, 65.95, "B", "SMD", "GND", "GND", "R", 55.118, 31.496, 0, 0, 0],
		[378, "PAD146_1", -110.236, -172, "T", "SMD", "D3", "", "O", 64.961, 17.717, 0, 0, 90],
		[379, "PAD147_2", -78.74, -172, "T", "SMD", "D4", "", "O", 64.961, 17.717, 0, 0, 90],
		[380, "PAD148_3", -47.244, -172, "T", "SMD", "GND", "GND", "O", 64.961, 17.717, 0, 0, 90],
		[381, "PAD149_4", -15.748, -172, "T", "SMD", "+5V", "", "O", 64.961, 17.717, 0, 0, 90],
		[382, "PAD150_5", 15.748, -172, "T", "SMD", "GND", "GND", "O", 64.961, 17.717, 0, 0, 90],
		[383, "PAD151_6", 47.244, -172, "T", "SMD", "+5V", "", "O", 64.961, 17.717, 0, 0, 90],
		[384, "PAD152_7", 78.74, -172, "T", "SMD", "X1", "", "O", 64.961, 17.717, 0, 0, 90],
		[385, "PAD153_8", 110.236, -172, "T", "SMD", "X2", "", "O", 64.961, 17.717, 0, 0, 90],
		[386, "PAD154_9", 172.5, -110.236, "T", "SMD", "D5", "", "O", 64.961, 17.717, 0, 0, 0],
		[387, "PAD155_10", 172.5, -78.74, "T", "SMD", "D6", "", "O", 64.961, 17.717, 0, 0, 0],
		[388, "PAD156_11", 172.5, -47.244, "T", "SMD", "D7", "", "O", 64.961, 17.717, 0, 0, 0],
		[389, "PAD157_12", 172.5, -15.748, "T", "SMD", "D8", "", "O", 64.961, 17.717, 0, 0, 0],
		[390, "PAD158_13", 172.5, 15.748, "T", "SMD", "D9", "", "O", 64.961, 17.717, 0, 0, 0],
		[391, "PAD159_14", 172.5, 47.244, "T", "SMD", "D10", "", "O", 64.961, 17.717, 0, 0, 0],
		[392, "PAD160_15", 172.5, 78.74, "T", "SMD", "D11", "", "O", 64.961, 17.717, 0, 0, 0],
		[393, "PAD161_16", 172.5, 110.236, "T", "SMD", "D12", "", "O", 64.961, 17.717, 0, 0, 0],
		[394, "PAD162_17", 110.236, 172, "T", "SMD", "D13", "", "O", 64.961, 17.717, 0, 0, 90],
		[395, "PAD163_18", 78.74, 172, "T", "SMD", "+5V", "", "O", 64.961, 17.717, 0, 0, 90],
		[396, "PAD164_21", -15.748, 172, "T", "SMD", "GND", "GND", "O", 64.961, 17.717, 0, 0, 90],
		[397, "PAD165_23", -78.74, 172, "T", "SMD", "D14", "", "O", 64.961, 17.717, 0, 0, 90],
		[398, "PAD166_24", -110.236, 172, "T", "SMD", "D15", "", "O", 64.961, 17.717, 0, 0, 90],
		[399, "PAD167_25", -172.5, 110.236, "T", "SMD", "D16", "", "O", 64.961, 17.717, 0, 0, 0],
		[400, "PAD168_26", -172.5, 78.74, "T", "SMD", "D2", "", "O", 64.961, 17.717, 0, 0, 0],
		[401, "PAD169_27", -172.5, 47.244, "T", "SMD", "SDA", "", "O", 64.961, 17.717, 0, 0, 0],
		[402, "PAD170_28", -172.5, 15.748, "T", "SMD", "SCL", "", "O", 64.961, 17.717, 0, 0, 0],
		[403, "PAD171_29", -172.5, -15.748, "T", "SMD", "RST", "", "O", 64.961, 17.717, 0, 0, 0],
		[404, "PAD172_30", -172.5, -47.244, "T", "SMD", "D0", "", "O", 64.961, 17.717, 0, 0, 0],
		[405, "PAD173_31", -172.5, -78.74, "T", "SMD", "D1", "", "O", 64.961, 17.717, 0, 0, 0],
		[406, "PAD174_32", -172.5, -110.236, "T", "SMD", "BTN", "", "O", 64.961, 17.717, 0, 0, 0],
		[407, "PAD175_2", -470, -292.85, "B", "SMD", "GND", "GND", "O", 80.512, 23.15, 0, 0, 270],
		[408, "PAD176_5", -370, -511.15, "B", "SMD", "GND", "GND", "O", 80.512, 23.15, 0, 0, 270],
		[409, "PAD177_6", -420, -511.15, "B", "SMD", "+5V", "", "O", 80.512, 23.15, 0, 0, 270],
		[410, "PAD178_7", -470, -511.15, "B", "SMD", "SDA", "", "O", 80.512, 23.15, 0, 0, 270],
		[411, "PAD179_8", -520, -511.15, "B", "SMD", "SCL", "", "O", 80.512, 23.15, 0, 0, 270],
		[412, "PAD180_1", -249.342, 444.5935, "B", "SMD", "+5V", "", "C", 59.0551, 59.0551, 0, 0, 180],
		[413, "PAD181_1", -19.77, -669, "B", "SMD", "X1", "", "R", 94.488, 74.803, 0, 0, 270],
		[414, "PAD182_2", 133.77, -669, "B", "SMD", "X2", "", "R", 94.488, 74.803, 0, 0, 270],
		[415, "PAD183_1", -0.142, 475.478, "T", "SMD", "D13", "", "R", 31.496, 31.496, 0, 0, 0],
		[416, "PAD184_2", 0.138, 412.528, "T", "SMD", "$1N5170", "", "R", 31.496, 31.496, 0, 0, 0],
		[417, "PAD185_1", 236.616, 412.3318, "T", "SMD", "D14", "", "R", 31.496, 31.496, 0, 0, 330],
		[418, "PAD186_2", 205.3835, 357.6755, "T", "SMD", "$1N5170", "", "R", 31.496, 31.496, 0, 0, 330],
		[419, "PAD187_1", 411.1898, 238.862, "T", "SMD", "D15", "", "R", 31.496, 31.496, 0, 0, 300],
		[420, "PAD188_2", 356.8135, 207.1445, "T", "SMD", "$1N5170", "", "R", 31.496, 31.496, 0, 0, 300],
		[421, "PAD189_1", 475.478, 0.142, "T", "SMD", "D16", "", "R", 31.496, 31.496, 0, 0, 270],
		[422, "PAD190_2", 412.528, -0.138, "T", "SMD", "$1N5170", "", "R", 31.496, 31.496, 0, 0, 270],
		[423, "PAD191_1", 412.3318, -237.616, "T", "SMD", "D9", "", "R", 31.496, 31.496, 0, 0, 240],
		[424, "PAD192_2", 357.6755, -206.3835, "T", "SMD", "$1N5291", "", "R", 31.496, 31.496, 0, 0, 240],
		[425, "PAD193_1", 237.862, -412.1898, "T", "SMD", "D10", "", "R", 31.496, 31.496, 0, 0, 210],
		[426, "PAD194_2", 206.1445, -357.8135, "T", "SMD", "$1N5291", "", "R", 31.496, 31.496, 0, 0, 210],
		[427, "PAD195_1", 0.142, -475.478, "T", "SMD", "D11", "", "R", 31.496, 31.496, 0, 0, 180],
		[428, "PAD196_2", -0.138, -412.528, "T", "SMD", "$1N5291", "", "R", 31.496, 31.496, 0, 0, 180],
		[429, "PAD197_1", -238.616, -411.3318, "T", "SMD", "D12", "", "R", 31.496, 31.496, 0, 0, 150],
		[430, "PAD198_2", -207.3835, -356.6755, "T", "SMD", "$1N5291", "", "R", 31.496, 31.496, 0, 0, 150],
		[431, "PAD199_1", -412.1898, -236.862, "T", "SMD", "D13", "", "R", 31.496, 31.496, 0, 0, 120],
		[432, "PAD200_2", -357.8135, -205.1445, "T", "SMD", "$1N5291", "", "R", 31.496, 31.496, 0, 0, 120],
		[433, "PAD201_1", -475.478, -0.142, "T", "SMD", "D14", "", "R", 31.496, 31.496, 0, 0, 90],
		[434, "PAD202_2", -412.528, 0.138, "T", "SMD", "$1N5291", "", "R", 31.496, 31.496, 0, 0, 90],
		[435, "PAD203_1", -411.3318, 238.616, "T", "SMD", "D15", "", "R", 31.496, 31.496, 0, 0, 60],
		[436, "PAD204_2", -356.6755, 207.3835, "T", "SMD", "$1N5291", "", "R", 31.496, 31.496, 0, 0, 60],
		[437, "PAD205_1", -236.862, 412.1898, "T", "SMD", "D16", "", "R", 31.496, 31.496, 0, 0, 30],
		[438, "PAD206_2", -205.1445, 357.8135, "T", "SMD", "$1N5291", "", "R", 31.496, 31.496, 0, 0, 30],
		[439, "PAD207_1", -266.9966, 41.9544, "T", "SMD", "D0", "", "R", 34.016, 31.751, 0, 0, 180],
		[440, "PAD208_2", -266.9966, 101.2744, "T", "SMD", "$1N4330", "", "R", 34.016, 31.751, 0, 0, 180],
		[441, "PAD209_1", -266.9966, -42.4266, "T", "SMD", "D1", "", "R", 34.016, 31.751, 0, 0, 0],
		[442, "PAD210_2", -266.9966, -101.7466, "T", "SMD", "$1N4461", "", "R", 34.016, 31.751, 0, 0, 0],
		[443, "PAD211_1", -102.66, 266, "T", "SMD", "D2", "", "R", 34.016, 31.751, 0, 0, 90],
		[444, "PAD212_2", -43.34, 266, "T", "SMD", "$1N4578", "", "R", 34.016, 31.751, 0, 0, 90],
		[445, "PAD213_1", -102.66, -266, "T", "SMD", "D3", "", "R", 34.016, 31.751, 0, 0, 90],
		[446, "PAD214_2", -43.34, -266, "T", "SMD", "$1N4696", "", "R", 34.016, 31.751, 0, 0, 90],
		[447, "PAD215_1", 102.66, -266, "T", "SMD", "D4", "", "R", 34.016, 31.751, 0, 0, 270],
		[448, "PAD216_2", 43.34, -266, "T", "SMD", "$1N4814", "", "R", 34.016, 31.751, 0, 0, 270],
		[449, "PAD217_1", 379.66, -623, "B", "SMD", "D5", "", "R", 34.016, 31.751, 0, 0, 90],
		[450, "PAD218_2", 320.34, -623, "B", "SMD", "$1N4933", "", "R", 34.016, 31.751, 0, 0, 90],
		[451, "PAD219_1", 265, -101.66, "T", "SMD", "D6", "", "R", 34.016, 31.751, 0, 0, 180],
		[452, "PAD220_2", 265, -42.34, "T", "SMD", "$1N5051", "", "R", 34.016, 31.751, 0, 0, 180],
		[453, "PAD221_1", 265, 44.34, "T", "SMD", "D7", "", "R", 34.016, 31.751, 0, 0, 180],
		[454, "PAD222_2", 265, 103.66, "T", "SMD", "$1N5170", "", "R", 34.016, 31.751, 0, 0, 180],
		[455, "PAD223_1", 100.66, 266, "T", "SMD", "D8", "", "R", 34.016, 31.751, 0, 0, 270],
		[456, "PAD224_2", 41.34, 266, "T", "SMD", "$1N5291", "", "R", 34.016, 31.751, 0, 0, 270]
	]
}
}